REFERENCE DESIGNATOR,X_LOC,Y_LOC,ROTATION,SIDE,TYPE,X_SIZE,Y_SIZE,VALUE,FOOTPRINT,POPULATE,MPN,MPN1,MPN2,MPN3,
R2,1982.24,1833.1,180,1,1,102.362,51.1811,100,Resistors_SMD:R_0805,1,RC0805FR-07100RL,,,,
R10,4344.44,1045.7,0,1,1,102.362,51.1811,220,Resistors_SMD:R_0805,1,RMCF0805FT220R,,,,
R11,4344.44,1242.55,0,1,1,102.362,51.1811,220,Resistors_SMD:R_0805,1,RMCF0805FT220R,,,,
R12,4344.44,2423.65,0,1,1,102.362,51.1811,220,Resistors_SMD:R_0805,1,RMCF0805FT220R,,,,
R9,4344.44,2226.8,0,1,1,102.362,51.1811,220,Resistors_SMD:R_0805,1,RMCF0805FT220R,,,,
C47,3694.83,1596.88,0,1,1,157.48,49.2126,.047uF,Capacitors_SMD:C_0805_HandSoldering,1,08053C473JAT2A,,,,08053C473JAT2A
L3,2395.62,2443.34,180,1,1,78.8,47.2,0.0068 uH,Inductors_NEOSID:Neosid_Inductor_SM0603CG,1,CI160808-6N8J,,,,CI160808-6N8J
L4,2218.46,2443.34,180,1,1,78.8,47.2,0.0068 uH,Inductors_NEOSID:Neosid_Inductor_SM0603CG,1,CI160808-6N8J,,,,CI160808-6N8J
C18,3324.75,2451.21,0,1,1,122.047,29.5276,0.01uF,Capacitors_SMD_C_0603_HandSoldering,1,GRM033R60J103KA01D,,,,MF-CAP-0603-0.01uF
C44,4025.54,2455.15,0,1,1,122.047,29.5276,0.01uF,Capacitors_SMD_C_0603_HandSoldering,1,GRM033R60J103KA01D,,,,MF-CAP-0603-0.01uF
C1,1844.44,2856.72,90,1,1,157.48,49.2126,0.1uF,Capacitors_SMD:C_0805_HandSoldering,1,08055C104KAT2A,,,,
C10,2612.16,189.4,90,1,1,157.48,49.2126,0.1uF,Capacitors_SMD:C_0805_HandSoldering,1,08055C104KAT2A,,,,
C11,2214.52,187.431,90,1,1,157.48,49.2126,0.1uF,Capacitors_SMD:C_0805_HandSoldering,1,08055C104KAT2A,,,,
C12,1844.44,199.242,90,1,1,157.48,49.2126,0.1uF,Capacitors_SMD:C_0805_HandSoldering,1,08055C104KAT2A,,,,
C2,2218.46,2856.72,90,1,1,157.48,49.2126,0.1uF,Capacitors_SMD:C_0805_HandSoldering,1,08055C104KAT2A,,,,
C20,3675.15,2335.07,0,1,1,157.48,49.2126,0.1uF,Capacitors_SMD:C_0805_HandSoldering,1,08055C104KAT2A,,,,
C21,3675.15,2453.18,0,1,1,157.48,49.2126,0.1uF,Capacitors_SMD:C_0805_HandSoldering,1,08055C104KAT2A,,,,
C22,2218.46,2128.38,0,1,1,157.48,49.2126,0.1uF,Capacitors_SMD:C_0805_HandSoldering,1,08055C104KAT2A,,,,
C3,2612.16,2856.72,90,1,1,157.48,49.2126,0.1uF,Capacitors_SMD:C_0805_HandSoldering,1,08055C104KAT2A,,,,
C30,4029.48,1144.12,0,1,1,157.48,49.2126,0.1uF,Capacitors_SMD:C_0805_HandSoldering,1,08055C104KAT2A,,,,
C32,4226.33,750.423,90,1,1,157.48,49.2126,0.1uF,Capacitors_SMD:C_0805_HandSoldering,1,08055C104KAT2A,,,,
C34,2702.71,1685.46,90,1,1,157.48,49.2126,0.1uF,Capacitors_SMD:C_0805_HandSoldering,1,08055C104KAT2A,,,,
C35,3372.98,1666.76,270,1,1,157.48,49.2126,0.1uF,Capacitors_SMD:C_0805_HandSoldering,1,08055C104KAT2A,,,,
C36,2566.88,1685.46,270,1,1,157.48,49.2126,0.1uF,Capacitors_SMD:C_0805_HandSoldering,1,08055C104KAT2A,,,,
C4,3005.86,2856.72,90,1,1,157.48,49.2126,0.1uF,Capacitors_SMD:C_0805_HandSoldering,1,08055C104KAT2A,,,,
C5,3399.56,2856.72,90,1,1,157.48,49.2126,0.1uF,Capacitors_SMD:C_0805_HandSoldering,1,08055C104KAT2A,,,,
C6,3793.26,2856.72,90,1,1,157.48,49.2126,0.1uF,Capacitors_SMD:C_0805_HandSoldering,1,08055C104KAT2A,,,,
C7,3793.26,199.242,90,1,1,157.48,49.2126,0.1uF,Capacitors_SMD:C_0805_HandSoldering,1,08055C104KAT2A,,,,
C8,3399.56,199.242,90,1,1,157.48,49.2126,0.1uF,Capacitors_SMD:C_0805_HandSoldering,1,08055C104KAT2A,,,,
C9,3005.86,199.242,90,1,1,157.48,49.2126,0.1uF,Capacitors_SMD:C_0805_HandSoldering,1,08055C104KAT2A,,,,
C27,997.983,1990.58,270,1,1,157.48,49.2126,1.2pF,Capacitors_SMD:C_0805_HandSoldering,1,CL21C1R2BBANNNC,,,,CL21C1R2BBANNNC
R21,3994.05,2337.04,0,1,1,102.362,51.1811,100k,Resistors_SMD:R_0805,1,RC0805FR-07100KL,,,,
C26,1883.81,2423.65,0,1,1,157.48,49.2126,100pF,Capacitors_SMD:C_0805_HandSoldering,1,08055A101KAT2A,,,,08055A101KAT2A
C49,4899.56,1880.34,180,1,1,125.9,275.3,100uF,MF_Passives:MF_Passives-CP6.3MM,1,UWX1C101MCL1GB,,,,MF-CAP-6.3MM-100uF
R23,4029.48,1533.89,180,1,1,102.362,51.1811,10k,Resistors_SMD:R_0805,1,RC0805JR-0710KL,,,,
R3,4029.48,1340.97,180,1,1,102.362,51.1811,10k,Resistors_SMD:R_0805,1,RC0805JR-0710KL,,,,
R6,1978.3,1604.75,0,1,1,102.362,51.1811,10k,Resistors_SMD:R_0805,1,RC0805JR-0710KL,,,,
R8,4954.68,947.274,0,1,1,102.362,51.1811,10K,Resistors_SMD:R_0805,1,RC0805JR-0710KL,,,,
C14,1677.12,1842.94,180,1,1,157.48,62.9921,10uF,Capacitors_SMD:C_1206,1,C1206C104K5RAC7867,,,,
C15,1686.96,1409.87,0,1,1,157.48,62.9921,10uF,Capacitors_SMD:C_1206,1,C1206C104K5RAC7867,,,,
C31,3694.83,1400.03,0,1,1,157.48,49.2126,10uF,Capacitors_SMD:C_0805_HandSoldering,1,GRM21BR60J106ME19L,,,,CL21A106KQCLRNC
C42,1883.81,2148.06,180,1,1,157.48,49.2126,10uF,Capacitors_SMD:C_0805_HandSoldering,1,GRM21BR60J106ME19L,,,,CL21A106KQCLRNC
C43,3320.82,2216.96,180,1,1,157.48,49.2126,10uF,Capacitors_SMD:C_0805_HandSoldering,1,GRM21BR60J106ME19L,,,,CL21A106KQCLRNC
C45,4014.52,2135.86,270,1,1,98.4,200.5,10uF,MF_Passives:MF_Passives-CP4MM,1,EEE-1CA100SR,,,,MF-CAP-4MM-10uF
C46,4675.15,2608.69,180,1,1,98.4,200.5,10uF,MF_Passives:MF_Passives-CP4MM,1,EEE-1CA100SR,,,,MF-CAP-4MM-10uF
C48,4014.52,1721.68,180,1,1,157.48,49.2126,10uF,Capacitors_SMD:C_0805_HandSoldering,1,CL21A106KQCLRNC,,,,CL21A106KQCLRNC
C17,2848.38,2029.95,90,1,1,157.48,49.2126,11pF,Capacitors_SMD:C_0805_HandSoldering,1,C0805C110J5GACTU,,,,C0805C110J5GACTU
C33,3242.08,2029.95,270,1,1,157.48,49.2126,11pF,Capacitors_SMD:C_0805_HandSoldering,1,C0805C110J5GACTU,,,,C0805C110J5GACTU
L5,761.763,2029.95,90,1,1,78.8,47.2,15nH,Inductors_NEOSID_Neosid_Inductor_SM0603CG,1,HK160815NJ-T,,,,HK160815NJ-T
R13,4344.44,2029.95,0,1,1,102.362,51.1811,1k,Resistors_SMD:R_0805,1,RC0805JR-071KL,,,,
R14,4344.44,1833.1,180,1,1,102.362,51.1811,1k,Resistors_SMD:R_0805,1,RC0805JR-071KL,,,,
R15,4344.44,1439.4,0,1,1,102.362,51.1811,1k,Resistors_SMD:R_0805,1,RC0805JR-071KL,,,,
R16,4344.44,1636.25,0,1,1,102.362,51.1811,1k,Resistors_SMD:R_0805,1,RC0805JR-071KL,,,,
R19,3694.83,2010.27,180,1,1,102.362,51.1811,1k,Resistors_SMD:R_0805,1,RC0805JR-071KL,,,,
R20,3694.83,1823.26,180,1,1,102.362,51.1811,1k,Resistors_SMD:R_0805,1,RC0805JR-071KL,,,,
R22,3694.83,2167.75,0,1,1,102.362,51.1811,1k,Resistors_SMD:R_0805,1,RC0805JR-071KL,,,,
C13,1952.71,1262.23,0,1,1,157.48,49.2126,1uF,Capacitors_SMD:C_0805_HandSoldering,1,08055C104KAT2A,,,,
C29,5171.21,2502.39,180,1,1,157.48,49.2126,1uF,Capacitors_SMD:C_0805_HandSoldering,1,08055C104KAT2A,,,,
C16,3320.82,2335.07,0,1,1,157.48,49.2126,220pF,Capacitors_SMD:C_0805_HandSoldering,1,C0805C221K5GACTU,,,,C0805C221K5GACTU
R5,1972.39,1459.08,0,1,1,102.362,51.1811,2k,Resistors_SMD:R_0805,1,RC0805JR-072KL,,,,
C19,2730.27,2285.86,270,1,1,122.047,29.5276,2pF,Capacitors_SMD:C_0603_HandSoldering,1,C1608C0G1H020C080AA,,,,C1608C0G1H020C080AA
C28,466.487,2010.27,270,1,1,157.48,49.2126,3.3pF,Capacitors_SMD:C_0805_HandSoldering,1,08055A3R3CAT2A,,,,08055A3R3CAT2A
L2,3074.75,2433.49,90,1,1,78.8,47.2,33nH,Inductors_NEOSID:Neosid_Inductor_SM0603CG,1,CI160808-33NJ,,,,CI160808-33NJ
L1,2897.59,2433.49,90,1,1,78.8,47.2,4.7nH,Inductors_NEOSID:Neosid_Inductor_SM0603CG,1,LQG18HN4N7S00D,,,,LQG18HN4N7S00D
C25,2084.6,2281.92,270,1,1,157.48,49.2126,5.6pF,Capacitors_SMD:C_0805_HandSoldering,1,CL21C5R6CBANNNC,,,,CL21C5R6CBANNNC
C23,2592.47,2443.34,0,1,1,122.047,29.5276,6.8pF,Capacitors_SMD_C_0603_HandSoldering,1,06035A6R8CAT2A,,,,06035A6R8CAT2A
C24,2415.31,2285.86,270,1,1,122.047,29.5276,7.5pF,603,1,251R14S7R5CV4T,,,,251R14S7R5CV4T
A1,663.338,2281.92,180,1,1,421.26,188.976,7488910092_ANTENNA,jna-parts:Antenna_Wurth_7488910092,1,7488910092,,,,7488910092
BT1,1764.72,2289.79,270,2,1,330.709,354.331,Battery 3.7v 1000mAh,Connectors_JST:JST_PH_S2B-PH-SM4-TB_02x2.00mm_Angled,1,S2B-PH-SM4-TB(LF)(SN),,,,1769
P2,1298.77,1557.19,90,1,2,1968,168,CONN_02X20,jna-parts:IDC_HEADER_FEMALE,1,SFH11-PBPC-D20-ST-BK,,,,SFH11-PBPC-D20-ST-BK
SW5,636.645,1322.71,0,1,1,188.7,125.9,DN   hide,MF_Switches:MF_Switches-TACT4.2MM,1,PTS810 SJM 250 SMTR LFS,,,,MF-SW-TACT-4.2MM
SW8,5407.43,1498.45,0,1,1,188.7,125.9,ENTER,MF_Switches:MF_Switches-TACT4.2MM,1,PTS810 SJM 250 SMTR LFS,,,,MF-SW-TACT-4.2MM
Y1,3041.29,2014.2,0,1,1,141.732,110.236,EXS00A-CS02368,jna-parts:Crystal_EXS00A-CS02368,1,NX3225SA-32MHZ-EXS00A-CS02368,,,,NX3225SA-32MHZ-EXS00A-CS02368
U14,3931.05,809.478,0,1,1,352.362,350.394,FT232RL SSOP,Housings_SSOP:SSOP-28_5.3x10.2mm_Pitch0.65mm,1,FT232RL-REEL,,,,FT232RL-REEL
D2,4521.61,2226.8,0,1,1,129.8,47.2,GREEN SDIO,LEDs:LED_0805,1,LG R971-KN-1,,,,MF-LED-0805-GREEN
D4,4521.61,1833.1,0,1,1,129.8,47.2,GREEN URX,LEDs:LED_0805,1,LG R971-KN-1,,,,MF-LED-0805-GREEN
D6,4521.61,1439.4,0,1,1,129.8,47.2,GRN (DONE),LEDs:LED_0805,1,LG R971-KN-1,,,,MF-LED-0805-GREEN
D8,4521.61,1045.7,0,1,1,129.8,47.2,GRN RFRX,LEDs:LED_0805,1,LG R971-KN-1,,,,MF-LED-0805-GREEN
J2,2560.58,671.093,90,1,2,91.3386,241.339,JTAG,Pin_Headers:Pin_Header_Straight_2x05_Pitch1.27mm,1,M50-3500542,,,,M50-3500542
SW6,416.645,1502.71,0,1,1,188.7,125.9,LEFT   hide,MF_Switches:MF_Switches-TACT4.2MM,1,PTS810 SJM 250 SMTR LFS,,,,MF-SW-TACT-4.2MM
U18,4020.42,1889.79,270,1,1,170,295,LM386,SMD_Packages:SOIC-8-N,1,LM386MX-1/NOPB,,,,LM386MX-1/NOPB
U16,1677.12,1636.25,90,1,1,128.346,100.394,MCP73831T-2ACI/OT,TO_SOT_Packages_SMD:SOT-23-5,1,MCP73831T-2ACI/OT,,,,
U15,1686.96,1203.18,90,1,1,128.346,100.394,MF-REG-SOT235-3.3V-300mA,TO_SOT_Packages_SMD:SOT-23-5,1,TLV70233DBVR,,,,
U13,3000.74,1500.9,0,1,1,309.3,305.3,MKW01Z128,jna-parts:98ASA00302D,1,MKW01Z128CHN,,,,MKW01Z128CHN
SP2,5434.99,1990.58,0,1,2,359.213,60,MODEL TBD,jna-parts:SPEAKER_AST_01708MR_R,1,AST-01708MR-R,,,,AST-01708MR-R
SW2,1362.16,147.077,180,2,1,326.772,157.48,POWERON,Buttons_Switches_SMD_SW_SPDT_PCM12,1,PCM12SMTR,,,,PCM12SMTR
D5,4521.61,1636.25,0,1,1,129.8,47.2,RED (CHARGING),LEDs:LED_0805,1,LH R974-LP-1,,,,MF-LED-0805-RED
D1,4521.61,2423.65,0,1,1,129.8,47.2,RED PWROK,LEDs:LED_0805,1,LH R974-LP-1,,,,MF-LED-0805-RED
D7,4521.61,1242.55,0,1,1,129.8,47.2,RED RFTX,LEDs:LED_0805,1,LH R974-LP-1,,,,MF-LED-0805-RED
D3,4521.61,2029.95,0,1,1,129.8,47.2,RED UTX,LEDs:LED_0805,1,LH R974-LP-1,,,,MF-LED-0805-RED
SW1,1677.12,179.557,90,1,1,188.7,125.9,RESET,MF_Switches:MF_Switches-TACT4.2MM,1,PTS810 SJM 250 SMTR LFS,,,,MF-SW-TACT-4.2MM
SW7,846.645,1502.71,0,1,1,188.7,125.9,RIGHT   hide,MF_Switches:MF_Switches-TACT4.2MM,1,PTS810 SJM 250 SMTR LFS,,,,MF-SW-TACT-4.2MM
SW3,2127.9,1604.75,90,1,2,229.291,60,TM1000,jna-parts:TM1000,1,TM1000Q,,,,TM1000Q
SW4,636.645,1702.71,0,1,1,188.7,125.9,UP   hide,MF_Switches:MF_Switches-TACT4.2MM,1,PTS810 SJM 250 SMTR LFS,,,,MF-SW-TACT-4.2MM
P4,4505.86,122.751,180,2,1,306.9,174.15,USB_MICRO_RIGHT,MF_Connectors:MF_Connectors-MICROUSB-RIGHT,1,105017-0001,,,,105017-0001
U1,2021.61,2856.72,90,1,1,228.2,188.8,WS2812B,MF_LEDs:MF_LEDs-WS2812B,1,1528-1104-ND,,,,
U10,2809.01,195.305,90,1,1,228.2,188.8,WS2812B,MF_LEDs:MF_LEDs-WS2812B,1,1528-1104-ND,,,,
U11,2415.31,189.4,90,1,1,228.2,188.8,WS2812B,MF_LEDs:MF_LEDs-WS2812B,1,1528-1104-ND,,,,
U12,2021.61,189.4,90,1,1,228.2,188.8,WS2812B,MF_LEDs:MF_LEDs-WS2812B,1,1528-1104-ND,,,,
U2,2415.31,2856.72,90,1,1,228.2,188.8,WS2812B,MF_LEDs:MF_LEDs-WS2812B,1,1528-1104-ND,,,,
U3,2809.01,2856.72,90,1,1,228.2,188.8,WS2812B,MF_LEDs:MF_LEDs-WS2812B,1,1528-1104-ND,,,,
U4,3202.71,2856.72,90,1,1,228.2,188.8,WS2812B,MF_LEDs:MF_LEDs-WS2812B,1,1528-1104-ND,,,,
U5,3596.41,2856.72,90,1,1,228.2,188.8,WS2812B,MF_LEDs:MF_LEDs-WS2812B,1,1528-1104-ND,,,,
U6,3990.11,2856.72,90,1,1,228.2,188.8,WS2812B,MF_LEDs:MF_LEDs-WS2812B,1,1528-1104-ND,,,,
U7,3990.11,199.242,90,1,1,228.2,188.8,WS2812B,MF_LEDs:MF_LEDs-WS2812B,1,1528-1104-ND,,,,
U8,3596.41,199.242,90,1,1,228.2,188.8,WS2812B,MF_LEDs:MF_LEDs-WS2812B,1,1528-1104-ND,,,,
U9,3202.71,199.242,90,1,1,228.2,188.8,WS2812B,MF_LEDs:MF_LEDs-WS2812B,1,1528-1104-ND,,,,